﻿{
	"name": "TheI",
	"version": "1.0.0",
	"description": "TheI - 超好玩的智商闯关游戏",
	"id": "com.zhouzhipeng.thei",
	"viewport-width": 480,
	"viewport-height": 320,
	"author": "Penkie Chou",
	"email": "admin@zhouzhipeng.com",
	"website": "http://www.zhouzhipeng.com",
	"orientations": "landscape",
	"used-plugins": [
		"Audio",
		"Browser",
		"Keyboard",
		"Rex_Function2",
		"Sprite",
		"Text",
		"Tilemap",
		"Touch",
		"Zhou_Weixin_share",
		"Zhou_document_settings",
		"chromeconsole"
	],
	"used-behaviors": [
		"Platform",
		"Platform2",
		"Sin",
		"destroy",
		"solid"
	]
}